latitud,longitud,comp_n,comp_e
32,-110,-0.0079,-0.009
32,-109,-0.0074,-0.0091
32,-108,-0.0092,-0.0109
32,-107,-0.0087,-0.011
32,-106,-0.0082,-0.0111
31,-110,-0.0079,-0.0084
31,-109,-0.0074,-0.0085
31,-108,-0.0084,-0.0093
31,-107,-0.0087,-0.0104
31,-106,-0.0082,-0.0105
31,-105,-0.0077,-0.0106
30,-110,-0.0079,-0.0078
30,-109,-0.0089,-0.0085
30,-108,-0.0088,-0.0088
30,-107,-0.0083,-0.0088
30,-106,-0.0074,-0.009
30,-105,-0.0077,-0.01
30,-104,-0.007,-0.0104
29,-110,-0.0077,-0.0076
29,-109,-0.0088,-0.0085
29,-108,-0.0088,-0.0082
29,-107,-0.0083,-0.0082
29,-106,-0.0073,-0.0087
29,-105,-0.0071,-0.01
29,-104,-0.0076,-0.0102
29,-103,-0.0071,-0.0103
29,-102,-0.0066,-0.0103
28,-110,-0.0077,-0.0071
28,-109,-0.0072,-0.0072
28,-108,-0.0067,-0.0073
28,-107,-0.0078,-0.008
28,-106,-0.008,-0.0092
28,-105,-0.0071,-0.0094
28,-104,-0.007,-0.0097
28,-103,-0.0071,-0.0097
28,-102,-0.0066,-0.0097
28,-101,-0.0061,-0.0098
27,-110,-0.0077,-0.0065
27,-109,-0.0072,-0.0066
27,-108,-0.0067,-0.0067
27,-107,-0.0066,-0.0084
27,-106,-0.0061,-0.0085
27,-105,-0.0056,-0.0086
27,-104,-0.0066,-0.009
27,-103,-0.0052,-0.0091
27,-102,-0.006,-0.0092
27,-101,-0.0057,-0.0097
27,-100,-0.0048,-0.0097
26,-110,-0.0077,-0.0059
26,-109,-0.0072,-0.006
26,-108,-0.0071,-0.0078
26,-107,-0.0066,-0.0078
26,-106,-0.0061,-0.0079
26,-105,-0.0056,-0.008
26,-104,-0.0054,-0.0083
26,-103,-0.0052,-0.0085
26,-102,-0.004,-0.0089
26,-101,-0.0041,-0.0089
26,-100,-0.0041,-0.0091
26,-99,-0.0036,-0.0091
25,-109,-0.0073,-0.0059
25,-108,-0.0071,-0.0072
25,-107,-0.0066,-0.0073
25,-106,-0.0061,-0.0073
25,-105,-0.0056,-0.0074
25,-104,-0.0055,-0.008
25,-103,-0.0045,-0.0083
25,-102,-0.004,-0.0083
25,-101,-0.0035,-0.0084
25,-100,-0.0041,-0.0085
25,-99,-0.0036,-0.0085
25,-98,-0.0031,-0.0086
25,-79,0.002,-0.0081
25,-78,0.0025,-0.0081
25,-77,0.0031,-0.0079
24,-108,-0.0071,-0.0066
24,-107,-0.0062,-0.0069
24,-106,-0.0055,-0.0072
24,-105,-0.0053,-0.0072
24,-104,-0.0046,-0.0074
24,-103,-0.0041,-0.0076
24,-102,-0.004,-0.0077
24,-101,-0.0034,-0.0079
24,-100,-0.0041,-0.0079
24,-99,-0.0036,-0.0079
24,-98,-0.0031,-0.008
24,-79,0.0021,-0.0082
24,-78,0.0026,-0.0081
24,-77,0.003,-0.008
24,-76,0.0035,-0.008
24,-75,0.004,-0.0079
23,-107,-0.006,-0.0067
23,-106,-0.0055,-0.0067
23,-105,-0.005,-0.0067
23,-104,-0.0046,-0.0069
23,-103,-0.0041,-0.007
23,-102,-0.0037,-0.0072
23,-101,-0.0032,-0.0073
23,-100,-0.0039,-0.0073
23,-99,-0.0036,-0.0074
23,-98,-0.0031,-0.0074
23,-97,-0.003,-0.0072
23,-79,0.0021,-0.0073
23,-78,0.0026,-0.0073
23,-77,0.0031,-0.0072
23,-76,0.0034,-0.0079
23,-75,0.0038,-0.0078
23,-74,0.0043,-0.0078
23,-73,0.0044,-0.0077
22,-106,-0.0042,-0.0053
22,-105,-0.0029,-0.0053
22,-104,-0.0036,-0.0057
22,-103,-0.0042,-0.0066
22,-102,-0.0035,-0.0066
22,-101,-0.0033,-0.0067
22,-100,-0.0033,-0.0068
22,-99,-0.0035,-0.0067
22,-98,-0.0035,-0.0064
22,-97,-0.003,-0.0064
22,-96,-0.0025,-0.0064
22,-80,0.0017,-0.0064
22,-79,0.0022,-0.0064
22,-78,0.0028,-0.0068
22,-77,0.0032,-0.007
22,-76,0.0037,-0.0069
22,-75,0.0039,-0.0071
22,-74,0.0043,-0.0072
22,-73,0.004,-0.0058
22,-72,0.0043,-0.0051
21,-106,-0.0034,-0.0047
21,-105,-0.0029,-0.0047
21,-104,-0.0025,-0.0048
21,-103,-0.0022,-0.005
21,-102,-0.0037,-0.006
21,-101,-0.0034,-0.0061
21,-100,-0.0037,-0.0058
21,-99,-0.0042,-0.0059
21,-98,-0.004,-0.0058
21,-97,-0.0035,-0.0058
21,-96,-0.003,-0.0058
21,-95,-0.0026,-0.0063
21,-94,-0.0021,-0.0068
21,-93,-0.002,-0.0068
21,-92,-0.0016,-0.0068
21,-91,-0.0019,-0.0068
21,-90,-0.0014,-0.0068
21,-89,-0.0009,-0.0067
21,-88,-0.001,-0.0068
21,-87,-0.0007,-0.0068
21,-86,-0.0002,-0.0068
21,-85,0.0004,-0.0068
21,-84,0.0004,-0.007
21,-83,0.0003,-0.0061
21,-82,0.0008,-0.006
21,-81,0.0013,-0.006
21,-80,0.0017,-0.0061
21,-79,0.0022,-0.0057
21,-78,0.0027,-0.0059
21,-77,0.0033,-0.0062
21,-76,0.0034,-0.0062
21,-75,0.004,-0.0064
21,-74,0.0037,-0.0043
21,-73,0.0038,-0.0046
21,-72,0.0045,-0.0035
21,-71,0.0051,-0.0036
20,-106,-0.0043,-0.0044
20,-105,-0.0028,-0.0039
20,-104,-0.0017,-0.0036
20,-103,-0.0016,-0.0039
20,-102,-0.0018,-0.0045
20,-101,-0.0042,-0.0052
20,-100,-0.0046,-0.0051
20,-99,-0.0041,-0.005
20,-98,-0.004,-0.0052
20,-97,-0.0035,-0.0052
20,-96,-0.0013,-0.0054
20,-95,-0.0007,-0.0056
20,-94,-0.0015,-0.0059
20,-93,-0.0022,-0.0066
20,-92,-0.0015,-0.0062
20,-91,-0.0015,-0.0066
20,-90,-0.0014,-0.0062
20,-89,-0.0009,-0.0063
20,-88,-0.001,-0.0064
20,-87,-0.0007,-0.0062
20,-86,-0.0002,-0.0062
20,-85,0.0004,-0.0048
20,-84,0.0005,-0.0053
20,-83,0.0005,-0.0045
20,-82,0.0008,-0.0054
20,-81,0.0013,-0.0054
20,-80,0.0018,-0.0053
20,-79,0.0022,-0.0051
20,-78,0.0027,-0.0051
20,-77,0.0046,0.0019
20,-76,0.0041,-0.0026
20,-75,0.0052,-0.0021
20,-74,0.0037,-0.0037
20,-73,0.0039,-0.0019
20,-72,0.0049,-0.0006
20,-71,0.0055,0.0005
19,-105,-0.0027,-0.0032
19,-104,-0.0006,-0.0024
19,-103,-0.003,-0.0031
19,-102,-0.0023,-0.0034
19,-101,-0.0024,-0.0037
19,-100,-0.0046,-0.0045
19,-99,-0.0034,-0.0045
19,-98,-0.0039,-0.0043
19,-97,-0.0017,-0.0044
19,-96,-0.0012,-0.005
19,-95,-0.0007,-0.005
19,-94,-0.0003,-0.005
19,-93,-0.0014,-0.0056
19,-92,-0.0015,-0.0062
19,-91,-0.001,-0.0063
19,-90,-0.0013,-0.0062
19,-89,-0.001,-0.0062
19,-88,-0.0008,-0.0062
19,-87,-0.0004,-0.0057
19,-86,0,-0.0058
19,-85,0.0004,-0.0042
19,-84,0.0006,-0.0047
19,-83,0.0006,-0.0038
19,-82,0.0008,-0.005
19,-81,0.0013,-0.0049
19,-80,0.0018,-0.0047
19,-79,0.0034,0.0009
19,-78,0.0052,0.0075
19,-77,0.0051,0.0045
19,-76,0.0058,0.0055
19,-75,0.0067,0.0052
19,-74,0.0052,0.0035
19,-73,0.0059,0.0052
19,-72,0.0055,0.0031
19,-71,0.0059,0.0033
19,-70,0.0067,0.0024
19,-69,0.0071,0.0038
19,-68,0.0103,0.0088
19,-67,0.0118,0.0094
19,-66,0.0125,0.0099
19,-65,0.0128,0.0098
19,-64,0.0133,0.0099
19,-63,0.0142,0.0099
18,-103,-0.0024,-0.0026
18,-102,-0.0024,-0.0029
18,-101,-0.0027,-0.0026
18,-100,-0.0033,-0.0039
18,-99,-0.0028,-0.0038
18,-98,-0.0022,-0.0039
18,-97,-0.0011,-0.0039
18,-96,-0.0012,-0.0044
18,-95,-0.0006,-0.0041
18,-94,0.0001,-0.0042
18,-93,-0.0011,-0.005
18,-92,-0.0006,-0.0051
18,-91,-0.0027,-0.0074
18,-90,-0.0022,-0.0071
18,-89,-0.0016,-0.0067
18,-88,-0.0008,-0.0057
18,-87,0.0013,-0.0015
18,-86,0.0023,0.0014
18,-85,0.0029,0.0014
18,-84,0.0027,0.0014
18,-83,0.0008,-0.0028
18,-82,0.0011,-0.0033
18,-81,0.0013,-0.0042
18,-80,0.0018,-0.0042
18,-79,0.0034,0.0012
18,-78,0.0054,0.0086
18,-77,0.0059,0.0086
18,-76,0.0064,0.0086
18,-75,0.0073,0.0088
18,-74,0.0073,0.009
18,-73,0.0076,0.0093
18,-72,0.0068,0.0074
18,-71,0.0069,0.0083
18,-70,0.0069,0.0063
18,-69,0.0081,0.0082
18,-68,0.0105,0.0094
18,-67,0.0121,0.0103
18,-66,0.0124,0.0104
18,-65,0.0127,0.0105
18,-64,0.0133,0.0105
18,-63,0.0157,0.0107
18,-62,0.0167,0.0107
18,-61,0.0178,0.0109
17,-101,-0.0027,-0.002
17,-100,-0.003,-0.0032
17,-99,-0.0025,-0.0033
17,-98,-0.0017,-0.0033
17,-97,0.0007,-0.0035
17,-96,-0.0012,-0.0038
17,-95,0.0004,-0.0036
17,-94,0.0004,-0.0036
17,-93,-0.0018,-0.0048
17,-92,-0.0021,-0.0057
17,-91,-0.0023,-0.0061
17,-90,-0.0023,-0.0065
17,-89,-0.0014,-0.0057
17,-88,0.0002,-0.0025
17,-87,0.0028,0.0025
17,-86,0.0022,0.0015
17,-85,0.0033,0.0042
17,-84,0.0045,0.0073
17,-83,0.0023,0.0016
17,-82,0.002,-0.0001
17,-81,0.0016,-0.0027
17,-80,0.0026,0
17,-79,0.0049,0.0091
17,-78,0.0054,0.0092
17,-77,0.006,0.0095
17,-76,0.0065,0.0096
17,-75,0.0076,0.0095
17,-74,0.0073,0.0096
17,-73,0.0076,0.0098
17,-72,0.0068,0.01
17,-71,0.0073,0.0101
17,-70,0.0072,0.0093
17,-69,0.0078,0.0087
17,-68,0.0113,0.0104
17,-67,0.0122,0.0108
17,-66,0.0124,0.011
17,-65,0.0127,0.0111
17,-64,0.015,0.011
17,-63,0.0159,0.0112
17,-62,0.0162,0.0114
17,-61,0.0169,0.0115
17,-60,0.0155,0.0117
16,-98,-0.0019,-0.0027
16,-97,-0.0011,-0.0027
16,-96,-0.0011,-0.0029
16,-95,0.0004,-0.003
16,-94,-0.0029,-0.0045
16,-93,-0.0026,-0.0046
16,-92,-0.0014,-0.0044
16,-91,-0.0022,-0.0052
16,-90,-0.0023,-0.0057
16,-89,-0.0012,-0.0043
16,-88,0.0007,0
16,-87,0.0042,0.0062
16,-86,0.0035,0.0065
16,-85,0.004,0.0079
16,-84,0.0045,0.0079
16,-83,0.0036,0.0073
16,-82,0.0042,0.0076
16,-81,0.0047,0.0077
16,-80,0.0043,0.0071
16,-79,0.0054,0.0111
16,-78,0.0054,0.0097
16,-77,0.0061,0.0102
16,-76,0.0065,0.01
16,-75,0.0073,0.0099
16,-74,0.0073,0.0102
16,-73,0.0076,0.0104
16,-72,0.0068,0.0105
16,-71,0.0068,0.0097
16,-70,0.0077,0.0103
16,-69,0.0087,0.0099
16,-68,0.0113,0.0109
16,-67,0.0123,0.0115
16,-66,0.0123,0.0121
16,-65,0.0126,0.0117
16,-64,0.0162,0.0118
16,-63,0.0161,0.0119
16,-62,0.0163,0.0121
16,-61,0.0167,0.0122
16,-60,0.0145,0.0126
15,-93,-0.0022,-0.0039
15,-92,-0.0015,-0.0031
15,-91,-0.0006,-0.0026
15,-90,-0.0007,-0.0016
15,-89,0.0004,0.0001
15,-88,0.002,0.0068
15,-87,0.004,0.0099
15,-86,0.0046,0.01
15,-85,0.0053,0.0106
15,-84,0.0045,0.0085
15,-83,0.0039,0.0096
15,-82,0.0052,0.0122
15,-81,0.0057,0.0122
15,-80,0.0055,0.012
15,-79,0.0054,0.011
15,-78,0.0056,0.0108
15,-77,0.006,0.0105
15,-76,0.0065,0.0105
15,-75,0.0073,0.0107
15,-74,0.0094,0.0112
15,-73,0.0098,0.0109
15,-72,0.0102,0.0118
15,-71,0.0107,0.0118
15,-70,0.0101,0.0116
15,-69,0.0104,0.0114
15,-68,0.012,0.0121
15,-67,0.0121,0.0122
15,-66,0.0122,0.0124
15,-65,0.0144,0.0122
15,-64,0.0162,0.0123
15,-63,0.0165,0.0125
15,-62,0.0152,0.0129
15,-61,0.0141,0.0132
15,-60,0.0145,0.0134
15,-59,0.0148,0.0131
14,-92,0.0003,-0.0015
14,-91,0.0022,0.0012
14,-90,0.0018,0.0026
14,-89,0.0015,0.0044
14,-88,0.002,0.0076
14,-87,0.0033,0.009
14,-86,0.0045,0.0088
14,-85,0.0052,0.0095
14,-84,0.0051,0.0114
14,-83,0.005,0.0128
14,-82,0.0052,0.0128
14,-81,0.0056,0.0128
14,-80,0.0062,0.0128
14,-79,0.006,0.0126
14,-78,0.0064,0.0111
14,-77,0.0086,0.0104
14,-76,0.0098,0.0104
14,-75,0.0123,0.0098
14,-74,0.0128,0.0109
14,-73,0.0133,0.0109
14,-72,0.0124,0.0118
14,-71,0.0114,0.0123
14,-70,0.0119,0.0123
14,-69,0.0123,0.0124
14,-68,0.012,0.0127
14,-67,0.0125,0.0127
14,-66,0.0126,0.0128
14,-65,0.0126,0.0129
14,-64,0.0125,0.0134
14,-63,0.0129,0.0135
14,-62,0.0134,0.0135
14,-61,0.0138,0.0142
14,-60,0.0145,0.0138
14,-59,0.0149,0.0134
14,-58,0.0154,0.0136
13,-89,0.0028,0.0075
13,-88,0.0021,0.01
13,-87,0.0038,0.0095
13,-86,0.0047,0.0093
13,-85,0.0051,0.0107
13,-84,0.0052,0.0116
13,-83,0.0047,0.0133
13,-82,0.0051,0.0133
13,-81,0.0055,0.0134
13,-80,0.0062,0.0134
13,-79,0.0086,0.0147
13,-78,0.0085,0.0113
13,-77,0.0102,0.0101
13,-76,0.0121,0.0095
13,-75,0.0126,0.0095
13,-74,0.013,0.0109
13,-73,0.0133,0.0115
13,-72,0.0124,0.0123
13,-71,0.0115,0.0127
13,-70,0.0117,0.013
13,-69,0.0121,0.013
13,-68,0.0128,0.013
13,-67,0.0133,0.0123
13,-66,0.0123,0.0134
13,-65,0.0122,0.0138
13,-64,0.0125,0.0138
13,-63,0.0126,0.0137
13,-62,0.0134,0.0139
13,-61,0.0137,0.0139
13,-60,0.0142,0.0138
13,-59,0.0149,0.0138
13,-58,0.0154,0.014
12,-88,0.0029,0.0104
12,-87,0.0053,0.0089
12,-86,0.0063,0.0086
12,-85,0.0069,0.0086
12,-84,0.011,0.0111
12,-83,0.006,0.0146
12,-82,0.0069,0.0151
12,-81,0.0065,0.0151
12,-80,0.0073,0.0148
12,-79,0.0088,0.0154
12,-78,0.0099,0.0129
12,-77,0.0102,0.0106
12,-76,0.0107,0.0106
12,-75,0.0117,0.0109
12,-74,0.0136,0.0102
12,-73,0.0138,0.0112
12,-72,0.0134,0.0113
12,-71,0.0125,0.0119
12,-70,0.0117,0.0135
12,-69,0.0119,0.0136
12,-68,0.013,0.0127
12,-67,0.0139,0.0126
12,-66,0.0123,0.0139
12,-65,0.0116,0.0135
12,-64,0.0121,0.0136
12,-63,0.0125,0.0136
12,-62,0.0129,0.0133
12,-61,0.0134,0.0137
12,-60,0.0138,0.0136
12,-59,0.0143,0.0139
12,-58,0.0147,0.0138
11,-87,0.0068,0.0071
11,-86,0.0104,0.0099
11,-85,0.0109,0.0099
11,-84,0.0124,0.0125
11,-83,0.0146,0.0153
11,-82,0.008,0.0172
11,-81,0.0082,0.0167
11,-80,0.0113,0.0177
11,-79,0.0118,0.0177
11,-78,0.0118,0.0179
11,-77,0.0102,0.0112
11,-76,0.011,0.0114
11,-75,0.0122,0.0107
11,-74,0.0136,0.0109
11,-73,0.0143,0.0105
11,-72,0.0139,0.0113
11,-71,0.0132,0.0123
11,-70,0.0125,0.0128
11,-69,0.0126,0.0131
11,-68,0.0132,0.013
11,-67,0.0138,0.013
11,-66,0.0124,0.0143
11,-65,0.0116,0.0141
11,-64,0.012,0.0137
11,-63,0.0124,0.0137
11,-62,0.0129,0.0138
11,-61,0.0133,0.0138
11,-60,0.0138,0.014
11,-59,0.0142,0.0136
11,-58,0.0147,0.0137
10,-86,0.0116,0.0105
10,-85,0.0133,0.0127
10,-84,0.0145,0.0141
10,-83,0.0094,0.0184
10,-82,0.014,0.0213
10,-81,0.0101,0.0194
10,-80,0.0108,0.0196
10,-79,0.012,0.0196
10,-78,0.0123,0.0203
10,-77,0.0107,0.0174
10,-76,0.0109,0.013
10,-75,0.0118,0.0122
10,-74,0.0125,0.0105
10,-73,0.0142,0.0096
10,-72,0.0144,0.0098
10,-71,0.0143,0.0081
10,-70,0.0119,0.0026
10,-69,0.012,0.0026
10,-68,0.0126,0.0027
10,-67,0.0124,0.0014
10,-66,0.0123,0.0022
10,-65,0.0124,0.0023
10,-64,0.0119,0.0013
10,-63,0.0119,0.0003
10,-62,0.0121,0.0003
10,-61,0.0121,-0.0001
9,-84,0.015,0.0172
9,-83,0.0144,0.0186
9,-82,0.0128,0.0215
9,-81,0.0112,0.0203
9,-80,0.0107,0.0198
9,-79,0.0115,0.0203
9,-78,0.0121,0.02
9,-77,0.0112,0.0175
9,-76,0.0112,0.0138
9,-75,0.0118,0.0123
9,-74,0.0129,0.0103
9,-73,0.0136,0.0081
9,-72,0.0135,0.0069
9,-71,0.0127,0.0038
9,-70,0.0129,0.0039
9,-69,0.012,0.0027
9,-68,0.0122,0.0022
9,-67,0.0117,-0.0003
9,-66,0.0117,0.0001
9,-65,0.0118,0.0005
9,-64,0.0118,-0.0001
9,-63,0.0119,0
9,-62,0.0121,0.0001
9,-61,0.012,-0.0008
8,-83,0.0161,0.0227
8,-82,0.0132,0.0226
8,-81,0.0108,0.0209
8,-80,0.0106,0.0201
8,-79,0.0114,0.0204
8,-78,0.0121,0.0202
8,-77,0.0118,0.0184
8,-76,0.0116,0.0138
8,-75,0.0134,0.0089
8,-74,0.0133,0.0078
8,-73,0.0135,0.0061
8,-72,0.0131,0.0048
8,-71,0.0122,0.0007
8,-70,0.0124,0.0007
8,-69,0.0121,0.001
8,-68,0.0129,0.0031
8,-67,0.0117,-0.0003
8,-66,0.0117,0
8,-65,0.0118,0.0003
8,-64,0.0121,0
8,-63,0.0122,0.0001
8,-62,0.012,-0.0007
8,-61,0.0122,-0.0017
8,-60,0.0119,-0.0026
8,-59,0.0116,-0.0034
7,-78,0.0119,0.0203
7,-77,0.0131,0.0101
7,-76,0.0138,0.0089
7,-75,0.0142,0.0063
7,-74,0.0144,0.006
7,-73,0.0135,0.0054
7,-72,0.013,0.0035
7,-71,0.011,-0.0017
7,-70,0.012,-0.0001
7,-69,0.0127,0.0015
7,-68,0.0127,0.0019
7,-67,0.0117,-0.0003
7,-66,0.0117,-0.0001
7,-65,0.0117,-0.0007
7,-64,0.0121,-0.0001
7,-63,0.0122,-0.0001
7,-62,0.0122,-0.0016
7,-61,0.0121,-0.0019
7,-60,0.0116,-0.0034
7,-59,0.0116,-0.0034
7,-58,0.0116,-0.0033
6,-78,0.013,0.01
6,-77,0.0144,0.0044
6,-76,0.0145,0.0049
6,-75,0.0143,0.0043
6,-74,0.014,0.0042
6,-73,0.0134,0.0033
6,-72,0.0123,0.0017
6,-71,0.0113,0.0005
6,-70,0.0116,0.0009
6,-69,0.0119,0.0011
6,-68,0.0103,-0.0011
6,-67,0.0104,-0.001
6,-66,0.0117,-0.0001
6,-65,0.012,-0.0002
6,-64,0.0121,-0.0001
6,-63,0.0119,-0.0009
6,-62,0.0121,-0.0018
6,-61,0.012,-0.0021
6,-60,0.0116,-0.0033
6,-59,0.0117,-0.0033
6,-58,0.0116,-0.0034
6,-57,0.0115,-0.0036
6,-56,0.0118,-0.0032
6,-55,0.0118,-0.0032
6,-54,0.0119,-0.0033
5,-78,0.014,0.0058
5,-77,0.014,0.0048
5,-76,0.0142,0.0047
5,-75,0.0141,0.004
5,-74,0.0138,0.0029
5,-73,0.013,0.0014
5,-72,0.0115,0.0013
5,-71,0.0103,-0.0012
5,-70,0.0109,-0.0004
5,-69,0.012,0.0001
5,-68,0.012,0.0001
5,-67,0.0106,-0.0015
5,-66,0.0106,-0.0014
5,-65,0.0119,-0.0017
5,-64,0.012,-0.0017
5,-63,0.012,-0.0017
5,-62,0.012,-0.0019
5,-61,0.0115,-0.0033
5,-60,0.0116,-0.0033
5,-59,0.0117,-0.0034
5,-58,0.0116,-0.0032
5,-57,0.0117,-0.0033
5,-56,0.0118,-0.0032
5,-55,0.0118,-0.0034
5,-54,0.0119,-0.0033
5,-53,0.0121,-0.0035
5,-52,0.012,-0.0033
4,-78,0.0132,0.0057
4,-77,0.0135,0.0052
4,-76,0.0137,0.0042
4,-75,0.0137,0.0027
4,-74,0.0132,0.0016
4,-73,0.0118,-0.0004
4,-72,0.0101,-0.0025
4,-71,0.01,-0.0026
4,-70,0.0101,-0.0031
4,-69,0.0102,-0.003
4,-68,0.0102,-0.0024
4,-67,0.0103,-0.0024
4,-66,0.0105,-0.0025
4,-65,0.0112,-0.0012
4,-64,0.012,-0.0017
4,-63,0.0119,-0.0022
4,-62,0.0119,-0.0022
4,-61,0.0115,-0.0032
4,-60,0.0116,-0.0033
4,-59,0.0117,-0.0033
4,-58,0.0117,-0.0033
4,-57,0.0117,-0.0032
4,-56,0.0118,-0.0032
4,-55,0.0119,-0.0032
4,-54,0.0119,-0.0032
4,-53,0.012,-0.0033
4,-52,0.012,-0.0033
4,-51,0.012,-0.0031
3,-78,0.0129,0.0086
3,-77,0.0133,0.0053
3,-76,0.013,0.0037
3,-75,0.0131,0.0029
3,-74,0.0126,-0.0015
3,-73,0.01,-0.0033
3,-72,0.0101,-0.0033
3,-71,0.0102,-0.0033
3,-70,0.0104,-0.0033
3,-69,0.0104,-0.0029
3,-68,0.0105,-0.0028
3,-67,0.0103,-0.0023
3,-66,0.0105,-0.0024
3,-65,0.0111,-0.003
3,-64,0.0119,-0.0035
3,-63,0.0119,-0.0034
3,-62,0.0116,-0.0032
3,-61,0.0118,-0.0034
3,-60,0.0116,-0.0032
3,-59,0.0117,-0.0032
3,-58,0.0117,-0.0032
3,-57,0.0117,-0.0031
3,-56,0.0118,-0.0031
3,-55,0.0119,-0.0032
3,-54,0.0119,-0.0032
3,-53,0.0119,-0.0031
3,-52,0.0119,-0.0031
3,-51,0.012,-0.003
2,-78,0.0118,0.001
2,-77,0.0116,0.0037
2,-76,0.0118,0.0003
2,-75,0.0124,0.0013
2,-74,0.0115,-0.0022
2,-73,0.01,-0.0032
2,-72,0.0101,-0.0032
2,-71,0.0102,-0.0032
2,-70,0.0103,-0.0028
2,-69,0.0104,-0.0028
2,-68,0.0105,-0.0027
2,-67,0.011,-0.0031
2,-66,0.0117,-0.0034
2,-65,0.0118,-0.0034
2,-64,0.0119,-0.0034
2,-63,0.012,-0.0034
2,-62,0.0121,-0.0029
2,-61,0.0119,-0.0032
2,-60,0.012,-0.0032
2,-59,0.0117,-0.0032
2,-58,0.0117,-0.0032
2,-57,0.0118,-0.0032
2,-56,0.0118,-0.0031
2,-55,0.0119,-0.0031
2,-54,0.0118,-0.003
2,-53,0.0119,-0.003
2,-52,0.0119,-0.003
2,-51,0.012,-0.003
2,-50,0.0123,-0.003
1,-79,0.0142,-0.0156
1,-78,0.0129,-0.0124
1,-77,0.0109,-0.0048
1,-76,0.0108,-0.0029
1,-75,0.0124,0.0014
1,-74,0.0115,-0.0021
1,-73,0.0114,-0.0026
1,-72,0.0101,-0.0031
1,-71,0.0104,-0.003
1,-70,0.0103,-0.0027
1,-69,0.0104,-0.0027
1,-68,0.0105,-0.0027
1,-67,0.011,-0.0028
1,-66,0.0117,-0.0033
1,-65,0.0118,-0.0033
1,-64,0.0119,-0.0033
1,-63,0.0122,-0.0032
1,-62,0.0124,-0.0034
1,-61,0.0123,-0.0032
1,-60,0.0121,-0.0031
1,-59,0.0121,-0.0031
1,-58,0.0121,-0.0031
1,-57,0.0121,-0.003
1,-56,0.0118,-0.003
1,-55,0.0117,-0.0028
1,-54,0.012,-0.0031
1,-53,0.0121,-0.0031
1,-52,0.0121,-0.003
1,-51,0.0123,-0.003
1,-50,0.0123,-0.003
0,-80,0.0162,-0.0228
0,-79,0.0152,-0.0148
0,-78,0.0139,-0.0116
0,-77,0.0118,-0.0126
0,-76,0.0099,-0.0058
0,-75,0.01,-0.0058
0,-74,0.0103,-0.0056
0,-73,0.0113,-0.0021
0,-72,0.01,-0.0029
0,-71,0.0101,-0.0026
0,-70,0.0103,-0.0026
0,-69,0.0104,-0.0026
0,-68,0.011,-0.0028
0,-67,0.0117,-0.0032
0,-66,0.0117,-0.0032
0,-65,0.0118,-0.0032
0,-64,0.0119,-0.0033
0,-63,0.0122,-0.0032
0,-62,0.0124,-0.0034
0,-61,0.0124,-0.0034
0,-60,0.0126,-0.0032
0,-59,0.0126,-0.0029
0,-58,0.0126,-0.0029
0,-57,0.0127,-0.0029
0,-56,0.0124,-0.0029
0,-55,0.0122,-0.0029
0,-54,0.012,-0.003
0,-53,0.0121,-0.003
0,-52,0.0121,-0.003
0,-51,0.0122,-0.003
0,-50,0.0123,-0.003
0,-49,0.0123,-0.003
0,-48,0.0123,-0.003
0,-47,0.0126,-0.003
-1,-80,0.014,-0.0104
-1,-79,0.0134,-0.0145
-1,-78,0.0136,-0.0103
-1,-77,0.0127,-0.0086
-1,-76,0.0109,-0.007
-1,-75,0.0103,-0.0069
-1,-74,0.0103,-0.0048
-1,-73,0.0104,-0.0032
-1,-72,0.0105,-0.0032
-1,-71,0.0109,-0.0027
-1,-70,0.0111,-0.0027
-1,-69,0.0114,-0.0031
-1,-68,0.0116,-0.0031
-1,-67,0.0117,-0.0031
-1,-66,0.0117,-0.0031
-1,-65,0.0118,-0.0031
-1,-64,0.0119,-0.0031
-1,-63,0.0123,-0.0031
-1,-62,0.0125,-0.0033
-1,-61,0.0125,-0.0033
-1,-60,0.0126,-0.0031
-1,-59,0.0126,-0.0027
-1,-58,0.0126,-0.0027
-1,-57,0.0127,-0.0029
-1,-56,0.0129,-0.0029
-1,-55,0.0122,-0.0028
-1,-54,0.012,-0.0029
-1,-53,0.0121,-0.0029
-1,-52,0.0121,-0.0029
-1,-51,0.0124,-0.003
-1,-50,0.0123,-0.0029
-1,-49,0.0123,-0.0029
-1,-48,0.0123,-0.0029
-1,-47,0.0131,-0.0027
-1,-46,0.0133,-0.003
-1,-45,0.0133,-0.003
-2,-81,0.0088,0.0047
-2,-80,0.0095,0.0028
-2,-79,0.0131,-0.006
-2,-78,0.0109,-0.0039
-2,-77,0.0124,-0.004
-2,-76,0.0101,-0.0051
-2,-75,0.0102,-0.0045
-2,-74,0.0102,-0.0043
-2,-73,0.0105,-0.0045
-2,-72,0.0105,-0.0031
-2,-71,0.0109,-0.0026
-2,-70,0.0113,-0.0029
-2,-69,0.0114,-0.0028
-2,-68,0.0116,-0.003
-2,-67,0.0117,-0.003
-2,-66,0.0117,-0.003
-2,-65,0.0118,-0.003
-2,-64,0.0119,-0.003
-2,-63,0.0124,-0.0032
-2,-62,0.0125,-0.0032
-2,-61,0.0126,-0.0032
-2,-60,0.0127,-0.003
-2,-59,0.0127,-0.0026
-2,-58,0.0127,-0.0026
-2,-57,0.0128,-0.0028
-2,-56,0.0129,-0.0028
-2,-55,0.0122,-0.0028
-2,-54,0.0123,-0.0031
-2,-53,0.0121,-0.0029
-2,-52,0.0121,-0.0029
-2,-51,0.0122,-0.0029
-2,-50,0.0123,-0.0029
-2,-49,0.0123,-0.0029
-2,-48,0.0129,-0.003
-2,-47,0.0133,-0.003
-2,-46,0.0133,-0.003
-2,-45,0.013,-0.003
-2,-44,0.0131,-0.0029
-2,-43,0.0134,-0.0033
-3,-81,0.0075,0.0066
-3,-80,0.0087,0.0034
-3,-79,0.0087,0.0016
-3,-78,0.0103,0.0002
-3,-77,0.0117,-0.0021
-3,-76,0.0101,-0.0044
-3,-75,0.0102,-0.0044
-3,-74,0.0102,-0.0034
-3,-73,0.011,-0.0038
-3,-72,0.0107,-0.0038
-3,-71,0.0108,-0.0029
-3,-70,0.011,-0.0021
-3,-69,0.0114,-0.0026
-3,-68,0.0116,-0.0029
-3,-67,0.0117,-0.0029
-3,-66,0.0117,-0.0029
-3,-65,0.0118,-0.0029
-3,-64,0.0121,-0.0028
-3,-63,0.0124,-0.0031
-3,-62,0.0125,-0.0031
-3,-61,0.0125,-0.0029
-3,-60,0.0129,-0.0032
-3,-59,0.0128,-0.003
-3,-58,0.0127,-0.0028
-3,-57,0.0128,-0.0028
-3,-56,0.0129,-0.0028
-3,-55,0.0124,-0.0027
-3,-54,0.0122,-0.0027
-3,-53,0.0124,-0.0029
-3,-52,0.0121,-0.0028
-3,-51,0.0126,-0.003
-3,-50,0.0131,-0.0033
-3,-49,0.0131,-0.0033
-3,-48,0.0132,-0.0033
-3,-47,0.0133,-0.0032
-3,-46,0.0132,-0.0031
-3,-45,0.0131,-0.0029
-3,-44,0.0132,-0.0028
-3,-43,0.013,-0.0029
-3,-42,0.0134,-0.0035
-3,-41,0.0137,-0.0037
-3,-40,0.0141,-0.0039
-3,-39,0.0141,-0.0038
-4,-81,0.0078,0.0045
-4,-80,0.0075,0.0028
-4,-79,0.0078,0.0017
-4,-78,0.0077,0.0015
-4,-77,0.0083,0.0006
-4,-76,0.0098,-0.0015
-4,-75,0.0099,-0.0016
-4,-74,0.0103,-0.0025
-4,-73,0.0107,-0.0012
-4,-72,0.0108,-0.0012
-4,-71,0.0109,-0.0014
-4,-70,0.011,-0.0018
-4,-69,0.0114,-0.0025
-4,-68,0.0116,-0.0028
-4,-67,0.0117,-0.0028
-4,-66,0.0117,-0.0028
-4,-65,0.0118,-0.0028
-4,-64,0.0123,-0.003
-4,-63,0.0124,-0.003
-4,-62,0.0125,-0.003
-4,-61,0.0125,-0.0031
-4,-60,0.0128,-0.0031
-4,-59,0.0129,-0.003
-4,-58,0.0127,-0.0027
-4,-57,0.0128,-0.0027
-4,-56,0.0129,-0.0027
-4,-55,0.0124,-0.0026
-4,-54,0.0125,-0.0027
-4,-53,0.013,-0.0029
-4,-52,0.0126,-0.0027
-4,-51,0.0131,-0.0032
-4,-50,0.0131,-0.0032
-4,-49,0.0132,-0.0032
-4,-48,0.0132,-0.0033
-4,-47,0.0133,-0.003
-4,-46,0.0133,-0.003
-4,-45,0.0131,-0.0028
-4,-44,0.013,-0.0029
-4,-43,0.0129,-0.0029
-4,-42,0.0134,-0.0035
-4,-41,0.0137,-0.0037
-4,-40,0.0142,-0.0039
-4,-39,0.0141,-0.0038
-4,-38,0.0144,-0.0036
-5,-81,0.0069,0.0031
-5,-80,0.007,0.003
-5,-79,0.0072,0.003
-5,-78,0.0079,0.0018
-5,-77,0.0078,0.0016
-5,-76,0.0088,0.0002
-5,-75,0.0105,-0.001
-5,-74,0.0106,-0.0011
-5,-73,0.0107,-0.0011
-5,-72,0.0108,-0.0011
-5,-71,0.0109,-0.0011
-5,-70,0.011,-0.0017
-5,-69,0.0114,-0.0022
-5,-68,0.0116,-0.0024
-5,-67,0.0117,-0.0024
-5,-66,0.0118,-0.0029
-5,-65,0.0119,-0.0029
-5,-64,0.012,-0.0029
-5,-63,0.0123,-0.0028
-5,-62,0.0125,-0.003
-5,-61,0.0125,-0.003
-5,-60,0.0128,-0.0029
-5,-59,0.0128,-0.0028
-5,-58,0.0127,-0.0026
-5,-57,0.0128,-0.0027
-5,-56,0.0129,-0.0027
-5,-55,0.0129,-0.0027
-5,-54,0.0129,-0.0028
-5,-53,0.013,-0.0028
-5,-52,0.013,-0.0029
-5,-51,0.0131,-0.0032
-5,-50,0.0131,-0.0032
-5,-49,0.0132,-0.0032
-5,-48,0.013,-0.0032
-5,-47,0.0133,-0.003
-5,-46,0.0128,-0.0035
-5,-45,0.013,-0.003
-5,-44,0.0126,-0.0029
-5,-43,0.0124,-0.003
-5,-42,0.0128,-0.0035
-5,-41,0.0134,-0.0035
-5,-40,0.014,-0.0038
-5,-39,0.0144,-0.0036
-5,-38,0.0143,-0.0036
-5,-37,0.0141,-0.0036
-5,-36,0.0139,-0.0039
-5,-35,0.014,-0.0038
-6,-81,0.0069,0.0032
-6,-80,0.007,0.0032
-6,-79,0.0072,0.0032
-6,-78,0.0073,0.0032
-6,-77,0.0083,0.0018
-6,-76,0.01,-0.0003
-6,-75,0.0105,-0.0009
-6,-74,0.0106,-0.0009
-6,-73,0.0107,-0.0009
-6,-72,0.0108,-0.001
-6,-71,0.0109,-0.001
-6,-70,0.0112,-0.0013
-6,-69,0.0113,-0.0015
-6,-68,0.0118,-0.0025
-6,-67,0.0118,-0.0024
-6,-66,0.0118,-0.0028
-6,-65,0.0119,-0.0028
-6,-64,0.012,-0.0028
-6,-63,0.0121,-0.0029
-6,-62,0.0124,-0.0028
-6,-61,0.0124,-0.0028
-6,-60,0.0126,-0.0023
-6,-59,0.0127,-0.0024
-6,-58,0.0129,-0.0025
-6,-57,0.013,-0.0025
-6,-56,0.013,-0.0026
-6,-55,0.0129,-0.0027
-6,-54,0.013,-0.0028
-6,-53,0.013,-0.0028
-6,-52,0.013,-0.0029
-6,-51,0.0131,-0.0031
-6,-50,0.0131,-0.0032
-6,-49,0.013,-0.0033
-6,-48,0.013,-0.0033
-6,-47,0.013,-0.0034
-6,-46,0.0128,-0.0035
-6,-45,0.0124,-0.0033
-6,-44,0.0124,-0.003
-6,-43,0.0123,-0.003
-6,-42,0.0127,-0.0033
-6,-41,0.0124,-0.003
-6,-40,0.0136,-0.0035
-6,-39,0.0142,-0.0032
-6,-38,0.014,-0.0036
-6,-37,0.0137,-0.0039
-6,-36,0.014,-0.0038
-6,-35,0.0133,-0.0038
-7,-80,0.007,0.0033
-7,-79,0.0072,0.0033
-7,-78,0.0086,0.0018
-7,-77,0.0087,0.0018
-7,-76,0.0104,-0.0008
-7,-75,0.0105,-0.0008
-7,-74,0.0106,-0.0008
-7,-73,0.0107,-0.0008
-7,-72,0.0108,-0.0009
-7,-71,0.0109,-0.0009
-7,-70,0.0112,-0.0012
-7,-69,0.0113,-0.0014
-7,-68,0.0114,-0.0017
-7,-67,0.0117,-0.002
-7,-66,0.0117,-0.002
-7,-65,0.0117,-0.0023
-7,-64,0.012,-0.0028
-7,-63,0.0123,-0.0026
-7,-62,0.0123,-0.0022
-7,-61,0.0126,-0.0022
-7,-60,0.0127,-0.0023
-7,-59,0.013,-0.0021
-7,-58,0.0129,-0.0024
-7,-57,0.013,-0.0024
-7,-56,0.0129,-0.0029
-7,-55,0.0129,-0.0027
-7,-54,0.0129,-0.0027
-7,-53,0.013,-0.0027
-7,-52,0.0129,-0.003
-7,-51,0.0129,-0.0031
-7,-50,0.013,-0.0031
-7,-49,0.0129,-0.0034
-7,-48,0.0128,-0.0035
-7,-47,0.0128,-0.0036
-7,-46,0.0126,-0.0033
-7,-45,0.0124,-0.0035
-7,-44,0.0121,-0.0036
-7,-43,0.0122,-0.0031
-7,-42,0.0124,-0.0031
-7,-41,0.0126,-0.0031
-7,-40,0.0133,-0.0034
-7,-39,0.0134,-0.0034
-7,-38,0.0133,-0.0035
-7,-37,0.013,-0.0043
-7,-36,0.0134,-0.004
-7,-35,0.0134,-0.004
-8,-80,0.0087,0.0075
-8,-79,0.0098,0.0065
-8,-78,0.0101,0.0067
-8,-77,0.0102,0.0053
-8,-76,0.0115,0.0052
-8,-75,0.011,0.0018
-8,-74,0.0106,-0.0007
-8,-73,0.0107,-0.0007
-8,-72,0.0108,-0.0008
-8,-71,0.011,-0.0007
-8,-70,0.0113,-0.0005
-8,-69,0.0113,-0.0007
-8,-68,0.0114,-0.0015
-8,-67,0.0115,-0.0015
-8,-66,0.0115,-0.0015
-8,-65,0.0114,-0.0018
-8,-64,0.0118,-0.0018
-8,-63,0.012,-0.0017
-8,-62,0.012,-0.0018
-8,-61,0.0123,-0.0019
-8,-60,0.0127,-0.0022
-8,-59,0.0128,-0.0022
-8,-58,0.0129,-0.0024
-8,-57,0.0129,-0.0027
-8,-56,0.013,-0.0027
-8,-55,0.013,-0.0027
-8,-54,0.0129,-0.0029
-8,-53,0.0129,-0.0029
-8,-52,0.0128,-0.0031
-8,-51,0.0129,-0.0032
-8,-50,0.013,-0.0032
-8,-49,0.0127,-0.0034
-8,-48,0.0125,-0.0037
-8,-47,0.0126,-0.0037
-8,-46,0.0125,-0.0031
-8,-45,0.0124,-0.0029
-8,-44,0.0123,-0.0033
-8,-43,0.0126,-0.0029
-8,-42,0.0126,-0.0029
-8,-41,0.013,-0.0028
-8,-40,0.0132,-0.0033
-8,-39,0.0133,-0.0034
-8,-38,0.0133,-0.0035
-8,-37,0.0128,-0.0042
-8,-36,0.0135,-0.0043
-8,-35,0.0134,-0.0044
-9,-79,0.0104,0.0086
-9,-78,0.0105,0.0086
-9,-77,0.0117,0.0073
-9,-76,0.0116,0.0061
-9,-75,0.0113,0.0038
-9,-74,0.0112,0.0028
-9,-73,0.0114,0.0034
-9,-72,0.0109,-0.0003
-9,-71,0.011,-0.0005
-9,-70,0.0114,-0.0006
-9,-69,0.0113,-0.0006
-9,-68,0.0114,-0.0006
-9,-67,0.0115,-0.0014
-9,-66,0.0115,-0.0014
-9,-65,0.0116,-0.0014
-9,-64,0.0119,-0.0016
-9,-63,0.012,-0.0016
-9,-62,0.0121,-0.0016
-9,-61,0.0122,-0.0022
-9,-60,0.0123,-0.0022
-9,-59,0.0126,-0.0022
-9,-58,0.0129,-0.0025
-9,-57,0.0129,-0.0026
-9,-56,0.013,-0.0026
-9,-55,0.013,-0.0028
-9,-54,0.0129,-0.003
-9,-53,0.0132,-0.0031
-9,-52,0.0128,-0.0031
-9,-51,0.0127,-0.0031
-9,-50,0.0127,-0.0032
-9,-49,0.0127,-0.0032
-9,-48,0.0124,-0.0029
-9,-47,0.0124,-0.0031
-9,-46,0.0124,-0.0031
-9,-45,0.0125,-0.0027
-9,-44,0.0124,-0.0029
-9,-43,0.0126,-0.0026
-9,-42,0.0128,-0.0028
-9,-41,0.013,-0.0028
-9,-40,0.0131,-0.0031
-9,-39,0.0132,-0.0034
-9,-38,0.013,-0.004
-9,-37,0.013,-0.004
-9,-36,0.0128,-0.0045
-9,-35,0.0137,-0.0038
-10,-79,0.0104,0.0087
-10,-78,0.0105,0.0087
-10,-77,0.0121,0.0094
-10,-76,0.012,0.0081
-10,-75,0.0118,0.0065
-10,-74,0.0117,0.0056
-10,-73,0.0117,0.0043
-10,-72,0.0109,0
-10,-71,0.0112,-0.0004
-10,-70,0.0114,-0.0005
-10,-69,0.0113,-0.0005
-10,-68,0.0115,-0.0005
-10,-67,0.0116,-0.0009
-10,-66,0.0115,-0.0013
-10,-65,0.0116,-0.0013
-10,-64,0.0119,-0.0015
-10,-63,0.012,-0.0015
-10,-62,0.012,-0.0019
-10,-61,0.0122,-0.0021
-10,-60,0.0123,-0.0021
-10,-59,0.0126,-0.0022
-10,-58,0.0127,-0.0024
-10,-57,0.0128,-0.0024
-10,-56,0.0132,-0.0028
-10,-55,0.0131,-0.0029
-10,-54,0.0129,-0.003
-10,-53,0.0132,-0.003
-10,-52,0.0129,-0.0028
-10,-51,0.0127,-0.0031
-10,-50,0.0127,-0.0031
-10,-49,0.0127,-0.0032
-10,-48,0.0126,-0.0025
-10,-47,0.0125,-0.0029
-10,-46,0.0129,-0.0024
-10,-45,0.013,-0.002
-10,-44,0.013,-0.0021
-10,-43,0.0127,-0.0023
-10,-42,0.0128,-0.0028
-10,-41,0.0128,-0.0029
-10,-40,0.0129,-0.0029
-10,-39,0.0128,-0.0038
-10,-38,0.0129,-0.004
-10,-37,0.0128,-0.004
-10,-36,0.0129,-0.0043
-11,-78,0.0132,0.0115
-11,-77,0.0133,0.0116
-11,-76,0.0134,0.0115
-11,-75,0.0134,0.0106
-11,-74,0.0127,0.0077
-11,-73,0.0124,0.0058
-11,-72,0.011,0.0001
-11,-71,0.0112,-0.0003
-11,-70,0.0112,-0.0004
-11,-69,0.0113,-0.0003
-11,-68,0.0114,-0.0004
-11,-67,0.0115,-0.0005
-11,-66,0.0115,-0.0012
-11,-65,0.0118,-0.0013
-11,-64,0.0119,-0.0014
-11,-63,0.012,-0.0014
-11,-62,0.0124,-0.0019
-11,-61,0.0122,-0.002
-11,-60,0.0121,-0.0021
-11,-59,0.0126,-0.0021
-11,-58,0.0125,-0.0026
-11,-57,0.0127,-0.0027
-11,-56,0.0129,-0.0028
-11,-55,0.0132,-0.0028
-11,-54,0.0132,-0.0028
-11,-53,0.0133,-0.0029
-11,-52,0.0131,-0.0029
-11,-51,0.013,-0.003
-11,-50,0.0127,-0.0031
-11,-49,0.0127,-0.0031
-11,-48,0.0127,-0.0026
-11,-47,0.0127,-0.0025
-11,-46,0.0129,-0.0024
-11,-45,0.0129,-0.0026
-11,-44,0.0128,-0.0021
-11,-43,0.0128,-0.0027
-11,-42,0.0128,-0.0028
-11,-41,0.0128,-0.0029
-11,-40,0.0128,-0.0033
-11,-39,0.0128,-0.0039
-11,-38,0.0127,-0.0038
-11,-37,0.0127,-0.0039
-12,-78,0.0141,0.0156
-12,-77,0.0142,0.0157
-12,-76,0.0144,0.0154
-12,-75,0.0145,0.0153
-12,-74,0.0146,0.0151
-12,-73,0.0134,0.0082
-12,-72,0.0135,0.0077
-12,-71,0.0124,0.0037
-12,-70,0.0119,0.001
-12,-69,0.0113,-0.0002
-12,-68,0.0114,-0.0003
-12,-67,0.0115,-0.0004
-12,-66,0.0115,-0.0004
-12,-65,0.0118,-0.0012
-12,-64,0.0119,-0.0013
-12,-63,0.0118,-0.0014
-12,-62,0.0119,-0.0015
-12,-61,0.012,-0.0019
-12,-60,0.012,-0.002
-12,-59,0.0121,-0.002
-12,-58,0.0125,-0.0026
-12,-57,0.0125,-0.0026
-12,-56,0.0128,-0.0028
-12,-55,0.0131,-0.0027
-12,-54,0.0132,-0.0028
-12,-53,0.0133,-0.0029
-12,-52,0.0132,-0.0029
-12,-51,0.0131,-0.0029
-12,-50,0.0127,-0.003
-12,-49,0.0127,-0.0031
-12,-48,0.0127,-0.0031
-12,-47,0.0128,-0.0024
-12,-46,0.0129,-0.0025
-12,-45,0.0129,-0.0025
-12,-44,0.0129,-0.0026
-12,-43,0.0128,-0.0032
-12,-42,0.0128,-0.0031
-12,-41,0.0127,-0.0035
-12,-40,0.0128,-0.0033
-12,-39,0.0128,-0.0039
-12,-38,0.0127,-0.0039
-12,-37,0.0127,-0.004
-13,-77,0.0142,0.0156
-13,-76,0.0144,0.0154
-13,-75,0.0145,0.0153
-13,-74,0.0146,0.0153
-13,-73,0.0132,0.0082
-13,-72,0.0131,0.0075
-13,-71,0.0119,0.0029
-13,-70,0.0119,0.0019
-13,-69,0.0118,0.0002
-13,-68,0.0114,-0.0002
-13,-67,0.0115,-0.0003
-13,-66,0.0115,-0.0003
-13,-65,0.0119,-0.0006
-13,-64,0.0117,-0.0013
-13,-63,0.0118,-0.0014
-13,-62,0.0119,-0.0018
-13,-61,0.0118,-0.002
-13,-60,0.0119,-0.002
-13,-59,0.0119,-0.0025
-13,-58,0.012,-0.0026
-13,-57,0.0125,-0.0027
-13,-56,0.0127,-0.0027
-13,-55,0.0129,-0.0028
-13,-54,0.0133,-0.0027
-13,-53,0.0133,-0.003
-13,-52,0.0131,-0.0028
-13,-51,0.0133,-0.0029
-13,-50,0.0132,-0.0029
-13,-49,0.0127,-0.003
-13,-48,0.0129,-0.0028
-13,-47,0.0129,-0.0024
-13,-46,0.0129,-0.0025
-13,-45,0.0129,-0.0026
-13,-44,0.0131,-0.0029
-13,-43,0.0128,-0.0032
-13,-42,0.0125,-0.0035
-13,-41,0.0125,-0.0036
-13,-40,0.0132,-0.0031
-13,-39,0.0132,-0.0032
-13,-38,0.0131,-0.0032
-14,-77,0.0142,0.0155
-14,-76,0.0144,0.0153
-14,-75,0.0145,0.0151
-14,-74,0.0139,0.0108
-14,-73,0.0137,0.01
-14,-72,0.0139,0.0085
-14,-71,0.0121,0.004
-14,-70,0.0121,0.0032
-14,-69,0.0122,0.0014
-14,-68,0.0123,0.0014
-14,-67,0.0124,0.0013
-14,-66,0.012,0.0011
-14,-65,0.0119,0.0007
-14,-64,0.0117,-0.0012
-14,-63,0.0118,-0.0017
-14,-62,0.0119,-0.0018
-14,-61,0.0118,-0.0019
-14,-60,0.0118,-0.0019
-14,-59,0.0118,-0.0024
-14,-58,0.0116,-0.0023
-14,-57,0.012,-0.0026
-14,-56,0.0125,-0.0026
-14,-55,0.0128,-0.0028
-14,-54,0.0128,-0.0027
-14,-53,0.0132,-0.0027
-14,-52,0.0132,-0.0028
-14,-51,0.0133,-0.0028
-14,-50,0.0132,-0.0029
-14,-49,0.0127,-0.0027
-14,-48,0.0126,-0.0027
-14,-47,0.013,-0.0024
-14,-46,0.0131,-0.0028
-14,-45,0.0131,-0.0028
-14,-44,0.0131,-0.0029
-14,-43,0.0128,-0.0033
-14,-42,0.0128,-0.0033
-14,-41,0.0129,-0.0034
-14,-40,0.013,-0.003
-14,-39,0.0132,-0.0032
-15,-76,0.0144,0.0153
-15,-75,0.0138,0.0128
-15,-74,0.0141,0.0112
-15,-73,0.0137,0.0101
-15,-72,0.0136,0.0082
-15,-71,0.0127,0.0079
-15,-70,0.0127,0.0064
-15,-69,0.0122,0.0026
-15,-68,0.0123,0.0026
-15,-67,0.0124,0.0024
-15,-66,0.0125,0.002
-15,-65,0.0122,0.0011
-15,-64,0.0116,-0.0003
-15,-63,0.0112,-0.0017
-15,-62,0.0113,-0.0017
-15,-61,0.0113,-0.0018
-15,-60,0.0114,-0.0021
-15,-59,0.0116,-0.0022
-15,-58,0.0116,-0.0023
-15,-57,0.012,-0.0025
-15,-56,0.0122,-0.0025
-15,-55,0.0124,-0.0026
-15,-54,0.0127,-0.0026
-15,-53,0.0127,-0.0026
-15,-52,0.013,-0.0026
-15,-51,0.0131,-0.0026
-15,-50,0.0127,-0.0025
-15,-49,0.0129,-0.0026
-15,-48,0.0126,-0.0026
-15,-47,0.0129,-0.0024
-15,-46,0.0134,-0.0026
-15,-45,0.0133,-0.0023
-15,-44,0.0132,-0.0023
-15,-43,0.0134,-0.0032
-15,-42,0.0128,-0.0033
-15,-41,0.0131,-0.0029
-15,-40,0.013,-0.0033
-15,-39,0.013,-0.0032
-16,-75,0.0135,0.0104
-16,-74,0.0136,0.0103
-16,-73,0.0136,0.0085
-16,-72,0.0125,0.0116
-16,-71,0.0126,0.0116
-16,-70,0.0122,0.0073
-16,-69,0.0117,0.0034
-16,-68,0.0123,0.0027
-16,-67,0.0125,0.0021
-16,-66,0.0125,0.0021
-16,-65,0.0116,0.0018
-16,-64,0.0117,0.0016
-16,-63,0.0116,-0.0003
-16,-62,0.0113,-0.0016
-16,-61,0.0113,-0.0017
-16,-60,0.0114,-0.0019
-16,-59,0.0116,-0.0021
-16,-58,0.0116,-0.0022
-16,-57,0.012,-0.0024
-16,-56,0.0124,-0.0025
-16,-55,0.0127,-0.0026
-16,-54,0.0122,-0.0025
-16,-53,0.013,-0.0025
-16,-52,0.0129,-0.0026
-16,-51,0.0126,-0.0025
-16,-50,0.0127,-0.0025
-16,-49,0.0126,-0.0026
-16,-48,0.0126,-0.0027
-16,-47,0.013,-0.0027
-16,-46,0.0133,-0.0026
-16,-45,0.0134,-0.0024
-16,-44,0.0135,-0.0026
-16,-43,0.0136,-0.0026
-16,-42,0.0133,-0.0029
-16,-41,0.013,-0.003
-16,-40,0.013,-0.0031
-16,-39,0.013,-0.0032
-17,-73,0.0123,0.0123
-17,-72,0.0125,0.0118
-17,-71,0.012,0.0098
-17,-70,0.0109,0.0079
-17,-69,0.0105,0.0038
-17,-68,0.0119,0.0031
-17,-67,0.0122,0.0028
-17,-66,0.0125,0.003
-17,-65,0.0116,0.002
-17,-64,0.0117,0.0015
-17,-63,0.0116,-0.0002
-17,-62,0.0117,-0.0008
-17,-61,0.0113,-0.0016
-17,-60,0.0114,-0.0018
-17,-59,0.0115,-0.0018
-17,-58,0.0116,-0.0021
-17,-57,0.0123,-0.002
-17,-56,0.0125,-0.0021
-17,-55,0.0127,-0.0021
-17,-54,0.0122,-0.0025
-17,-53,0.0124,-0.0024
-17,-52,0.0125,-0.0024
-17,-51,0.0126,-0.0025
-17,-50,0.0126,-0.0025
-17,-49,0.0126,-0.0026
-17,-48,0.0126,-0.0027
-17,-47,0.0128,-0.0027
-17,-46,0.0133,-0.0026
-17,-45,0.0136,-0.0025
-17,-44,0.0138,-0.0027
-17,-43,0.0139,-0.0029
-17,-42,0.0137,-0.0031
-17,-41,0.0129,-0.0034
-17,-40,0.013,-0.0031
-17,-39,0.013,-0.0032
-18,-72,0.0117,0.0108
-18,-71,0.0109,0.0092
-18,-70,0.0084,0.0049
-18,-69,0.0094,0.003
-18,-68,0.0115,0.0021
-18,-67,0.0118,0.0027
-18,-66,0.0127,0.0029
-18,-65,0.0125,0.0024
-18,-64,0.0126,0.0024
-18,-63,0.0127,0.0023
-18,-62,0.0117,-0.0002
-18,-61,0.0118,-0.0007
-18,-60,0.0113,-0.0017
-18,-59,0.0114,-0.0018
-18,-58,0.0123,-0.0018
-18,-57,0.0125,-0.0019
-18,-56,0.0128,-0.002
-18,-55,0.0128,-0.002
-18,-54,0.0131,-0.002
-18,-53,0.013,-0.0021
-18,-52,0.0126,-0.0023
-18,-51,0.0126,-0.0023
-18,-50,0.0125,-0.0027
-18,-49,0.0125,-0.0028
-18,-48,0.0125,-0.0028
-18,-47,0.0128,-0.0029
-18,-46,0.0131,-0.0029
-18,-45,0.0135,-0.0028
-18,-44,0.0135,-0.0036
-18,-43,0.0136,-0.0031
-18,-42,0.0134,-0.0033
-18,-41,0.0132,-0.0035
-18,-40,0.0131,-0.0036
-18,-39,0.0132,-0.0037
-19,-71,0.0099,0.008
-19,-70,0.0093,0.0018
-19,-69,0.01,0.0017
-19,-68,0.0125,0.0014
-19,-67,0.014,0.0024
-19,-66,0.0136,0.0037
-19,-65,0.0125,0.0025
-19,-64,0.0126,0.0025
-19,-63,0.012,0.0005
-19,-62,0.0122,0.0006
-19,-61,0.0116,-0.0011
-19,-60,0.0117,-0.0011
-19,-59,0.0121,-0.0016
-19,-58,0.0122,-0.0017
-19,-57,0.0125,-0.0016
-19,-56,0.0126,-0.0017
-19,-55,0.0128,-0.0018
-19,-54,0.0132,-0.0018
-19,-53,0.0132,-0.0019
-19,-52,0.0123,-0.0021
-19,-51,0.0127,-0.0023
-19,-50,0.0127,-0.0024
-19,-49,0.0127,-0.0027
-19,-48,0.0127,-0.0029
-19,-47,0.0128,-0.0028
-19,-46,0.0131,-0.0031
-19,-45,0.0134,-0.0033
-19,-44,0.0129,-0.0033
-19,-43,0.0127,-0.0035
-19,-42,0.0129,-0.0034
-19,-41,0.0133,-0.0034
-19,-40,0.0132,-0.0035
-19,-39,0.0132,-0.0036
-20,-71,0.0116,0.0128
-20,-70,0.0123,0.0014
-20,-69,0.0147,0.0019
-20,-68,0.017,0.0049
-20,-67,0.0162,0.0041
-20,-66,0.0159,0.0044
-20,-65,0.0144,0.0044
-20,-64,0.0135,0.0027
-20,-63,0.0134,0.0039
-20,-62,0.0131,0.0021
-20,-61,0.0117,-0.0019
-20,-60,0.0118,-0.0019
-20,-59,0.0124,-0.0011
-20,-58,0.0124,-0.0015
-20,-57,0.012,-0.0016
-20,-56,0.0122,-0.0014
-20,-55,0.0122,-0.0015
-20,-54,0.0129,-0.0016
-20,-53,0.0131,-0.0015
-20,-52,0.0123,-0.0018
-20,-51,0.0126,-0.002
-20,-50,0.0128,-0.0023
-20,-49,0.0126,-0.0026
-20,-48,0.0126,-0.0027
-20,-47,0.0127,-0.0027
-20,-46,0.0133,-0.0035
-20,-45,0.0133,-0.0036
-20,-44,0.0129,-0.0034
-20,-43,0.0127,-0.0034
-20,-42,0.0129,-0.003
-20,-41,0.0133,-0.0033
-20,-40,0.0133,-0.0034
-21,-71,0.0142,0.0201
-21,-70,0.015,0.0213
-21,-69,0.0159,0.0114
-21,-68,0.0179,0.0105
-21,-67,0.0181,0.0076
-21,-66,0.0164,0.0086
-21,-65,0.014,0.0058
-21,-64,0.0137,0.0057
-21,-63,0.0121,0.0032
-21,-62,0.0117,-0.0017
-21,-61,0.0117,-0.0018
-21,-60,0.0118,-0.0019
-21,-59,0.0125,-0.0022
-21,-58,0.0125,-0.0022
-21,-57,0.0121,-0.0013
-21,-56,0.0122,-0.0014
-21,-55,0.0122,-0.0015
-21,-54,0.0122,-0.0015
-21,-53,0.0124,-0.0015
-21,-52,0.0122,-0.002
-21,-51,0.0127,-0.0022
-21,-50,0.0126,-0.0023
-21,-49,0.0127,-0.0025
-21,-48,0.0127,-0.0025
-21,-47,0.013,-0.0027
-21,-46,0.0135,-0.0028
-21,-45,0.0132,-0.0036
-21,-44,0.0128,-0.0034
-21,-43,0.0126,-0.0034
-21,-42,0.0128,-0.003
-21,-41,0.0128,-0.0031
-21,-40,0.0129,-0.0033
-22,-71,0.0169,0.0314
-22,-70,0.0151,0.0245
-22,-69,0.017,0.0204
-22,-68,0.0179,0.0126
-22,-67,0.0173,0.0129
-22,-66,0.0163,0.0109
-22,-65,0.0142,0.0068
-22,-64,0.013,0.0045
-22,-63,0.0123,0.0021
-22,-62,0.0124,0.002
-22,-61,0.0124,0.0019
-22,-60,0.0118,-0.0019
-22,-59,0.0125,-0.0017
-22,-58,0.0125,-0.0022
-22,-57,0.0121,-0.0012
-22,-56,0.0122,-0.0013
-22,-55,0.0122,-0.0014
-22,-54,0.0122,-0.0015
-22,-53,0.0124,-0.0018
-22,-52,0.0125,-0.0019
-22,-51,0.0129,-0.002
-22,-50,0.0125,-0.002
-22,-49,0.0126,-0.0022
-22,-48,0.0127,-0.0023
-22,-47,0.0131,-0.0027
-22,-46,0.0134,-0.0029
-22,-45,0.0136,-0.0029
-22,-44,0.0129,-0.0027
-22,-43,0.0128,-0.0027
-22,-42,0.0128,-0.0028
-22,-41,0.0128,-0.0031
-23,-71,0.0174,0.0319
-23,-70,0.0172,0.029
-23,-69,0.0172,0.0252
-23,-68,0.0172,0.0166
-23,-67,0.0166,0.0147
-23,-66,0.0149,0.0124
-23,-65,0.0127,0.0049
-23,-64,0.0128,0.0048
-23,-63,0.0123,0.0022
-23,-62,0.0124,0.0021
-23,-61,0.0124,0.0007
-23,-60,0.0122,-0.0018
-23,-59,0.0121,-0.0017
-23,-58,0.0125,-0.0022
-23,-57,0.013,-0.0012
-23,-56,0.0122,-0.0012
-23,-55,0.013,-0.0014
-23,-54,0.0122,-0.0016
-23,-53,0.0127,-0.0019
-23,-52,0.0125,-0.0019
-23,-51,0.0129,-0.0019
-23,-50,0.0124,-0.0015
-23,-49,0.0126,-0.002
-23,-48,0.0127,-0.0021
-23,-47,0.0131,-0.0026
-23,-46,0.0135,-0.0029
-23,-45,0.0136,-0.0029
-23,-44,0.0134,-0.0029
-23,-43,0.013,-0.0028
-23,-42,0.0131,-0.0029
-24,-71,0.0181,0.0324
-24,-70,0.0177,0.0275
-24,-69,0.0177,0.0242
-24,-68,0.0167,0.0185
-24,-67,0.015,0.0113
-24,-66,0.0141,0.0104
-24,-65,0.0127,0.005
-24,-64,0.0128,0.0049
-24,-63,0.0124,0
-24,-62,0.0125,-0.0009
-24,-61,0.0124,-0.0005
-24,-60,0.0122,-0.0017
-24,-59,0.012,-0.0021
-24,-58,0.012,-0.0022
-24,-57,0.0127,-0.0014
-24,-56,0.0127,-0.0014
-24,-55,0.0127,-0.0015
-24,-54,0.0136,-0.0016
-24,-53,0.0137,-0.0017
-24,-52,0.0136,-0.0019
-24,-51,0.0134,-0.0017
-24,-50,0.0132,-0.0017
-24,-49,0.0128,-0.0018
-24,-48,0.0131,-0.0024
-24,-47,0.0134,-0.0027
-24,-46,0.0136,-0.0029
-25,-71,0.0182,0.0289
-25,-70,0.0184,0.0288
-25,-69,0.0175,0.0218
-25,-68,0.016,0.0161
-25,-67,0.0155,0.0133
-25,-66,0.0129,0.0078
-25,-65,0.0127,0.0063
-25,-64,0.0123,0.0016
-25,-63,0.0124,0.001
-25,-62,0.0116,-0.0002
-25,-61,0.0118,-0.0004
-25,-60,0.0123,-0.0016
-25,-59,0.0126,-0.0023
-25,-58,0.0126,-0.0022
-25,-57,0.0121,-0.0013
-25,-56,0.0132,-0.0015
-25,-55,0.0132,-0.0016
-25,-54,0.013,-0.0017
-25,-53,0.0146,-0.0018
-25,-52,0.0146,-0.0019
-25,-51,0.014,-0.0021
-25,-50,0.0134,-0.0023
-25,-49,0.0134,-0.0024
-25,-48,0.0133,-0.0025
-25,-47,0.0135,-0.0028
-26,-71,0.0187,0.0262
-26,-70,0.0189,0.0261
-26,-69,0.0149,0.0144
-26,-68,0.0148,0.0132
-26,-67,0.0127,0.0075
-26,-66,0.0115,0.0029
-26,-65,0.0123,0.0037
-26,-64,0.0112,0.0011
-26,-63,0.0107,-0.0015
-26,-62,0.0112,-0.0014
-26,-61,0.011,-0.0027
-26,-60,0.0123,-0.0021
-26,-59,0.0126,-0.002
-26,-58,0.013,-0.0011
-26,-57,0.0121,-0.0012
-26,-56,0.0133,-0.0013
-26,-55,0.0132,-0.0015
-26,-54,0.013,-0.0011
-26,-53,0.0131,-0.0014
-26,-52,0.014,-0.0013
-26,-51,0.0134,-0.0016
-26,-50,0.0134,-0.0021
-26,-49,0.0133,-0.0023
-26,-48,0.0133,-0.0024
-27,-71,0.018,0.0225
-27,-70,0.0182,0.0224
-27,-69,0.0149,0.0144
-27,-68,0.0149,0.0143
-27,-67,0.0109,0.0025
-27,-66,0.0101,0.0005
-27,-65,0.0106,0.0011
-27,-64,0.0106,0.0006
-27,-63,0.0108,0.0008
-27,-62,0.0112,-0.0014
-27,-61,0.011,-0.0027
-27,-60,0.0124,-0.0017
-27,-59,0.0128,-0.0009
-27,-58,0.013,-0.001
-27,-57,0.0125,-0.0011
-27,-56,0.0124,-0.0012
-27,-55,0.0124,-0.0014
-27,-54,0.0125,-0.0012
-27,-53,0.0122,-0.0012
-27,-52,0.0131,-0.0013
-27,-51,0.0132,-0.0014
-27,-50,0.0136,-0.0021
-27,-49,0.0136,-0.0022
-27,-48,0.0136,-0.0024
-28,-72,0.0178,0.0226
-28,-71,0.018,0.0228
-28,-70,0.0171,0.0199
-28,-69,0.016,0.0167
-28,-68,0.012,0.006
-28,-67,0.0101,0.001
-28,-66,0.0101,0.0006
-28,-65,0.0102,0.0004
-28,-64,0.0099,-0.0008
-28,-63,0.0108,0.0008
-28,-62,0.0111,-0.0005
-28,-61,0.0113,-0.0018
-28,-60,0.0122,-0.0017
-28,-59,0.0129,-0.0009
-28,-58,0.013,-0.001
-28,-57,0.0132,-0.0011
-28,-56,0.0124,-0.0012
-28,-55,0.0124,-0.0013
-28,-54,0.0127,-0.0012
-28,-53,0.0122,-0.0011
-28,-52,0.0132,-0.0011
-28,-51,0.0136,-0.0014
-28,-50,0.0137,-0.002
-28,-49,0.0135,-0.0021
-28,-48,0.0136,-0.0023
-29,-72,0.0185,0.0157
-29,-71,0.0185,0.0194
-29,-70,0.0179,0.009
-29,-69,0.0177,0.0137
-29,-68,0.0124,0.0074
-29,-67,0.0101,0.0011
-29,-66,0.0101,0.001
-29,-65,0.0098,-0.0004
-29,-64,0.0099,-0.0005
-29,-63,0.0108,-0.0011
-29,-62,0.0113,-0.0018
-29,-61,0.0126,-0.0012
-29,-60,0.0127,-0.0013
-29,-59,0.0127,-0.001
-29,-58,0.0131,-0.0012
-29,-57,0.0136,-0.0015
-29,-56,0.0137,-0.0016
-29,-55,0.0136,-0.0018
-29,-54,0.0136,-0.0019
-29,-53,0.0134,-0.0011
-29,-52,0.0133,-0.0012
-29,-51,0.0136,-0.0013
-29,-50,0.0138,-0.0018
-29,-49,0.0137,-0.0021
-30,-72,0.0189,0.0161
-30,-71,0.0175,0.0023
-30,-70,0.0177,0.0021
-30,-69,0.0178,0.002
-30,-68,0.0158,0.0012
-30,-67,0.0124,-0.002
-30,-66,0.0108,-0.0013
-30,-65,0.0109,-0.0015
-30,-64,0.011,-0.0016
-30,-63,0.0107,-0.0024
-30,-62,0.0122,-0.002
-30,-61,0.0126,-0.0013
-30,-60,0.0127,-0.0014
-30,-59,0.0128,-0.0015
-30,-58,0.0132,-0.0015
-30,-57,0.0138,-0.0021
-30,-56,0.0139,-0.0023
-30,-55,0.014,-0.0025
-30,-54,0.0137,-0.0021
-30,-53,0.0132,-0.0018
-30,-52,0.0132,-0.0019
-30,-51,0.0133,-0.0018
-30,-50,0.0138,-0.0017
-31,-72,0.0191,0.0214
-31,-71,0.0181,0.0098
-31,-70,0.0165,-0.0012
-31,-69,0.0165,-0.0076
-31,-68,0.0166,-0.0077
-31,-67,0.0148,-0.0063
-31,-66,0.0118,-0.0029
-31,-65,0.0113,-0.0025
-31,-64,0.0116,-0.0026
-31,-63,0.0121,-0.0018
-31,-62,0.0121,-0.0019
-31,-61,0.0123,-0.0017
-31,-60,0.0124,-0.0019
-31,-59,0.0126,-0.002
-31,-58,0.0127,-0.0014
-31,-57,0.0134,-0.0022
-31,-56,0.0139,-0.0023
-31,-55,0.0137,-0.0022
-31,-54,0.0133,-0.0023
-31,-53,0.0132,-0.0023
-31,-52,0.0132,-0.0018
-31,-51,0.0133,-0.0019
-31,-50,0.0136,-0.0022
-32,-72,0.0193,0.0158
-32,-71,0.0189,0.0101
-32,-70,0.0179,0.0038
-32,-69,0.0151,-0.0037
-32,-68,0.0157,-0.0057
-32,-67,0.0139,-0.0061
-32,-66,0.0118,-0.0028
-32,-65,0.0119,-0.0029
-32,-64,0.012,-0.003
-32,-63,0.0121,-0.0017
-32,-62,0.0121,-0.0013
-32,-61,0.0123,-0.0016
-32,-60,0.0124,-0.0018
-32,-59,0.0126,-0.0019
-32,-58,0.0127,-0.0015
-32,-57,0.0129,-0.0017
-32,-56,0.0132,-0.0019
-32,-55,0.0133,-0.0018
-32,-54,0.0133,-0.0024
-32,-53,0.0132,-0.0024
-32,-52,0.0132,-0.0023
-32,-51,0.0133,-0.0023
-33,-72,0.022,0.0117
-33,-71,0.0198,0.0079
-33,-70,0.016,0.0005
-33,-69,0.0153,-0.0024
-33,-68,0.0136,-0.007
-33,-67,0.0139,-0.0043
-33,-66,0.0123,-0.0037
-33,-65,0.0119,-0.0028
-33,-64,0.012,-0.003
-33,-63,0.0118,-0.0015
-33,-62,0.0121,-0.0017
-33,-61,0.0123,-0.0015
-33,-60,0.0125,-0.0017
-33,-59,0.0126,-0.0018
-33,-58,0.0127,-0.0018
-33,-57,0.0127,-0.0013
-33,-56,0.013,-0.0013
-33,-55,0.0131,-0.0013
-33,-54,0.0131,-0.0018
-33,-53,0.0132,-0.0023
-33,-52,0.0132,-0.0024
-34,-72,0.023,0.0063
-34,-71,0.0196,0.0011
-34,-70,0.0159,-0.0022
-34,-69,0.0133,-0.0055
-34,-68,0.0126,-0.0075
-34,-67,0.0122,-0.007
-34,-66,0.0122,-0.0059
-34,-65,0.0119,-0.006
-34,-64,0.0128,-0.0039
-34,-63,0.0127,-0.0036
-34,-62,0.0128,-0.0026
-34,-61,0.0127,-0.0023
-34,-60,0.0127,-0.0017
-34,-59,0.0128,-0.0019
-34,-58,0.013,-0.002
-34,-57,0.013,-0.0016
-34,-56,0.0131,-0.0012
-34,-55,0.0132,-0.0016
-34,-54,0.0133,-0.0017
-34,-53,0.0135,-0.002
-35,-73,0.0214,-0.0051
-35,-72,0.0216,-0.0047
-35,-71,0.0204,-0.0051
-35,-70,0.0179,-0.0101
-35,-69,0.0137,-0.0137
-35,-68,0.012,-0.0074
-35,-67,0.0116,-0.009
-35,-66,0.0117,-0.0086
-35,-65,0.0124,-0.007
-35,-64,0.0134,-0.0054
-35,-63,0.0132,-0.0043
-35,-62,0.0135,-0.0039
-35,-61,0.0133,-0.0027
-35,-60,0.0136,-0.0028
-35,-59,0.0134,-0.0021
-35,-58,0.0131,-0.0018
-35,-57,0.0133,-0.002
-35,-56,0.0133,-0.0017
-35,-55,0.0132,-0.0014
-35,-54,0.0135,-0.0018
-36,-73,0.02,-0.0036
-36,-72,0.0187,-0.0073
-36,-71,0.0187,-0.0136
-36,-70,0.019,-0.0191
-36,-69,0.0147,-0.0147
-36,-68,0.0135,-0.015
-36,-67,0.0124,-0.0121
-36,-66,0.013,-0.0071
-36,-65,0.0133,-0.0063
-36,-64,0.014,-0.0056
-36,-63,0.0138,-0.0043
-36,-62,0.014,-0.0042
-36,-61,0.0137,-0.0033
-36,-60,0.0138,-0.0033
-36,-59,0.0135,-0.0022
-36,-58,0.0137,-0.0023
-36,-57,0.0133,-0.002
-36,-56,0.0135,-0.0019
-37,-74,0.0179,-0.0004
-37,-73,0.0181,-0.0017
-37,-72,0.0176,-0.0102
-37,-71,0.0183,-0.0077
-37,-70,0.0184,-0.0199
-37,-69,0.0189,-0.0212
-37,-68,0.0178,-0.0139
-37,-67,0.0142,-0.0072
-37,-66,0.014,-0.0068
-37,-65,0.014,-0.0047
-37,-64,0.014,-0.0055
-37,-63,0.014,-0.0045
-37,-62,0.0142,-0.0034
-37,-61,0.0142,-0.0035
-37,-60,0.0142,-0.0029
-37,-59,0.0143,-0.0023
-37,-58,0.0143,-0.0023
-37,-57,0.0141,-0.0024
-37,-56,0.0141,-0.0022
-38,-74,0.0174,0.0017
-38,-73,0.0175,-0.005
-38,-72,0.0178,-0.0057
-38,-71,0.0178,-0.0106
-38,-70,0.019,-0.0153
-38,-69,0.0194,-0.0144
-38,-68,0.0177,-0.0101
-38,-67,0.0163,-0.0085
-38,-66,0.0148,-0.0059
-38,-65,0.0144,-0.0051
-38,-64,0.0142,-0.005
-38,-63,0.0143,-0.0051
-38,-62,0.0141,-0.0039
-38,-61,0.0143,-0.0027
-38,-60,0.0143,-0.0025
-38,-59,0.0143,-0.0021
-38,-58,0.0142,-0.0022
-38,-57,0.0143,-0.0024
-39,-74,0.0171,0.0072
-39,-73,0.0168,0.0037
-39,-72,0.0176,-0.003
-39,-71,0.0186,-0.0069
-39,-70,0.0194,-0.0072
-39,-69,0.0188,-0.0108
-39,-68,0.0168,-0.0084
-39,-67,0.0154,-0.0053
-39,-66,0.0154,-0.0052
-39,-65,0.0147,-0.0042
-39,-64,0.0148,-0.0044
-39,-63,0.0149,-0.0044
-39,-62,0.0147,-0.0031
-39,-61,0.0143,-0.0027
-39,-60,0.0143,-0.0023
-39,-59,0.0143,-0.0021
-39,-58,0.0143,-0.0022
-40,-74,0.0163,0.0145
-40,-73,0.0174,0.0103
-40,-72,0.0169,0.0077
-40,-71,0.0175,0.0049
-40,-70,0.0185,-0.0036
-40,-69,0.0186,-0.0037
-40,-68,0.0153,-0.0051
-40,-67,0.0154,-0.0052
-40,-66,0.0154,-0.0052
-40,-65,0.0152,-0.0045
-40,-64,0.0148,-0.0043
-40,-63,0.0149,-0.0044
-40,-62,0.015,-0.0044
-41,-74,0.0155,0.0157
-41,-73,0.0152,0.0144
-41,-72,0.0167,0.0125
-41,-71,0.0165,0.0089
-41,-70,0.0161,0.0037
-41,-69,0.0147,0.0002
-41,-68,0.0136,-0.0027
-41,-67,0.0137,-0.0036
-41,-66,0.0137,-0.0037
-41,-65,0.0142,-0.004
-41,-64,0.0135,-0.0028
-41,-63,0.0134,-0.0029
-41,-62,0.0133,-0.003
-42,-75,0.015,0.0156
-42,-74,0.0144,0.0113
-42,-73,0.0136,0.0082
-42,-72,0.0137,0.008
-42,-71,0.0138,0.0079
-42,-70,0.0132,0.0031
-42,-69,0.0131,0.0004
-42,-68,0.0133,0.0001
-42,-67,0.0135,-0.0031
-42,-66,0.0133,-0.0031
-42,-65,0.0133,-0.0031
-42,-64,0.0128,-0.0026
-42,-63,0.013,-0.0027
-43,-75,0.013,0.007
-43,-74,0.0127,0.0037
-43,-73,0.0128,0.0036
-43,-72,0.0129,0.0035
-43,-71,0.013,0.0033
-43,-70,0.0132,0.0032
-43,-69,0.0123,0.0022
-43,-68,0.0115,0
-43,-67,0.0125,-0.0014
-43,-66,0.0122,-0.0009
-43,-65,0.0111,-0.001
-43,-64,0.012,-0.0023
-44,-75,0.0119,0.0023
-44,-74,0.012,0.0022
-44,-73,0.0121,0.002
-44,-72,0.0122,0.0019
-44,-71,0.0123,0.0017
-44,-70,0.0125,0.0016
-44,-69,0.0126,0.0015
-44,-68,0.0116,0.0001
-44,-67,0.0113,-0.0002
-44,-66,0.0124,-0.0008
-44,-65,0.0123,-0.0004
-45,-75,0.0119,0.0024
-45,-74,0.012,0.0023
-45,-73,0.0121,0.0021
-45,-72,0.0122,0.0021
-45,-71,0.0123,0.0019
-45,-70,0.0125,0.0017
-45,-69,0.0126,0.0016
-45,-68,0.0113,0.001
-45,-67,0.0112,0.0007
-45,-66,0.0111,0.0004
-45,-65,0.0128,0.0002
-46,-74,0.0121,0.0032
-46,-73,0.0121,0.0031
-46,-72,0.0122,0.0029
-46,-71,0.0123,0.0028
-46,-70,0.0126,0.0026
-46,-69,0.0127,0.0025
-46,-68,0.0128,0.0023
-46,-67,0.0116,0.0014
-46,-66,0.0115,0.0011
-47,-75,0.012,0.0035
-47,-74,0.0121,0.0033
-47,-73,0.0122,0.0032
-47,-72,0.0127,0.0032
-47,-71,0.0129,0.0031
-47,-70,0.0133,0.0033
-47,-69,0.0134,0.0032
-47,-68,0.0135,0.003
-47,-67,0.0136,0.0029
-47,-66,0.0126,0.0016
-47,-65,0.0126,0.0014
-48,-75,0.0127,0.0042
-48,-74,0.0128,0.0041
-48,-73,0.0129,0.0039
-48,-72,0.013,0.0038
-48,-71,0.0131,0.0036
-48,-70,0.0133,0.0035
-48,-69,0.0134,0.0033
-48,-68,0.0142,0.0034
-48,-67,0.0143,0.0032
-48,-66,0.015,0.0032
-48,-65,0.0151,0.0031
-49,-75,0.0127,0.0043
-49,-74,0.0128,0.0042
-49,-73,0.0136,0.0042
-49,-72,0.0138,0.0041
-49,-71,0.0145,0.0041
-49,-70,0.0147,0.004
-49,-69,0.0148,0.0038
-49,-68,0.0149,0.0037
-49,-67,0.015,0.0035
-50,-75,0.014,0.0052
-50,-74,0.0142,0.0047
-50,-73,0.0143,0.0045
-50,-72,0.0144,0.0044
-50,-71,0.0145,0.0042
-50,-70,0.0147,0.0041
-50,-69,0.0148,0.0039
-50,-68,0.0149,0.0038
-51,-75,0.0145,0.0056
-51,-74,0.0146,0.0054
-51,-73,0.0147,0.0053
-51,-72,0.0148,0.0051
-51,-71,0.0149,0.0049
-51,-70,0.0151,0.0048
-51,-69,0.0152,0.0046
-52,-74,0.0146,0.0055
-52,-73,0.0147,0.0054
-52,-72,0.0148,0.0052
-52,-71,0.0149,0.0051
-52,-70,0.0148,0.0054
-52,-69,0.0149,0.0052
-53,-74,0.0141,0.0074
-53,-73,0.0142,0.0074
-53,-72,0.0142,0.0072
-53,-71,0.0146,0.0057
-53,-70,0.0148,0.0055
-53,-69,0.0149,0.0053
-53,-68,0.015,0.0052
-54,-73,0.0136,0.0081
-54,-72,0.0138,0.0079
-54,-71,0.0139,0.0078
-54,-70,0.0141,0.0076
-54,-69,0.0141,0.0075
-54,-68,0.0142,0.0073
-54,-67,0.0143,0.0071
-55,-71,0.0138,0.0079
-55,-70,0.014,0.0077
-55,-69,0.014,0.0076
-55,-68,0.0141,0.0074
-55,-67,0.0143,0.0072
-55,-66,0.0143,0.007
